{
    "book": {
        "precision": 1.0,
        "recall": 1.0,
        "f1-score": 1.0,
        "support": 7.0
    },
    "help": {
        "precision": 1.0,
        "recall": 1.0,
        "f1-score": 1.0,
        "support": 8.0
    },
    "yes": {
        "precision": 0.8571428571428571,
        "recall": 0.8571428571428571,
        "f1-score": 0.8571428571428571,
        "support": 7.0
    },
    "no": {
        "precision": 0.875,
        "recall": 0.875,
        "f1-score": 0.875,
        "support": 8.0
    },
    "want": {
        "precision": 0.8888888888888888,
        "recall": 1.0,
        "f1-score": 0.9411764705882353,
        "support": 8.0
    },
    "eat": {
        "precision": 1.0,
        "recall": 1.0,
        "f1-score": 1.0,
        "support": 8.0
    },
    "drink": {
        "precision": 1.0,
        "recall": 0.8571428571428571,
        "f1-score": 0.9230769230769231,
        "support": 7.0
    },
    "bathroom": {
        "precision": 1.0,
        "recall": 1.0,
        "f1-score": 1.0,
        "support": 7.0
    },
    "accuracy": 0.95,
    "macro avg": {
        "precision": 0.9526289682539683,
        "recall": 0.9486607142857143,
        "f1-score": 0.949549531351002,
        "support": 60.0
    },
    "weighted avg": {
        "precision": 0.951851851851852,
        "recall": 0.95,
        "f1-score": 0.9498491704374057,
        "support": 60.0
    }
}